GTAGTTTCAATGAC,206,AGGCGTCCC,ACGACTGTTGGA,NB
TGCACTCTTAGGTT,250,,,NV
CGTGTTAGGTGGTT,250,,,NV
TGAGCTGTCCCGTA,250,,,NB
TAGTTTCCTGTGTA,236,GTTTATATA,TTCCTCAACGGG,TCTTGTGGAAAGGACGAAACACC
CTCGGGTCGCTTTA,228,CATAGGGAA,GTGCGGGACCGA,GAGGGCCTATTTCCGAAACACC
ATTTCCAGAACTCA,216,,,NB
GCGGTAGGGGTGGT,204,,,NB
AGGGTGTGAGAGGT,203,,,NV
TCCGACTGGGATGC,201,,,NB
GTGGGATTGAGGTC,201,TACCGGCCC,GCGCTGTGAATC,NB
TGAGGCTCTGGTAA,196,,,NV
TTCGGAAGTCCGCT,220,GTCTAGCGA,GCCCACAACTGT,GAGGGCCAAACACC
CGAGTTCACAGGTT,232,,,NB
ACTCATGAAATCGG,260,TGGGCTTAC,CTCATACCCAAT,CGTAACTTGAAAGTATTTCGATTTCTTGGCTTTATATATCTTGTGGAAAGGACGAAACACC
ACCTGGCATGCTTT,250,,,NB
CAGCGCAGTTCATG,231,CAACCCTAA,GCCGCCACGACC,GAGGGCCTGGAAAGGACGAAACACC
GCGCACCCACGGTT,204,AGGTCTGAG,CAGCCTTTAGGC,NB
TCGCTCCTTGGTCG,211,,,NV
TCTTTGACTACCTA,260,GCCCTTTGA,CTTTTACTACCT,GAGGGCCTATTTCCCATGATTCCTTC
CGTAATCAGTTTGC,197,,,NB
ACAAGTAGTCTCGC,255,CCTTACGCA,CGTGCGTCTGGA,GAGGGCCTATTTCCCATGATTCCTTCATATTTGCATTGTGGAAAGGACGAAACACC
AGGTCGGGGACGGG,243,AAGGTCAGG,CGCATACGACAA,GAGGGCCTATTTCCTCTTGTGGAAAGGACGAAACACC
TGGTCAGGGGCTGG,238,GCGCTCTTG,GCATCCCTCACC,GCTTTATATATCTTGTGGAAAGCACGAAACACC
CGTTAAGCTTCGGT,309,TCAGAGAGA,CTAATACGGTTC,GAGGGCCTATTTCCCATGATTCCTTCATATTTGCATATACTATGCTTACCGTAACTTGAAAGTATTTCGATTTCTTGGCTTTATATATCTTGTGGAAAGGACGAAACACC
TTTGTGGTGTGGGC,251,CCGATTACA,CCTATTTTCCCA,GAGGGCCTATTTCCCATGATTCCTTCATATCTTGTGGAAAGGACGAAACACC
TGGTCCCTTTCACA,213,,,NV
ACTCATCCTAGGTA,202,GGACCGGCC,CTATCAACTTCA,NB
CGTTGATAAGCAAT,242,,,NV
GCCTTGGTCAGTTG,206,ATGGCAACA,CGATATCCATGA,NB
TGTCTGCGTTTACT,236,GGTGAACAG,CCCCAACCGAAT,GAGTATATCTTGTGGAAAGGACGAAACACC
GAGTAGTAGCGGGG,198,,,NB
GGACGCGCGCATAC,229,CAAATCGGA,AGCCAAGTCCTA,GAGGGCCTATTTCCCATGACACC
GCCATGGCTGGGGT,243,,,NV
TCGAACTTGTTTGA,197,,,NB
AAGAGGGTGGGGGG,205,TCCTCACCG,AGCCTCCACAAT,NB
ATGGGTCGGCGCTG,210,GGCTCGAAA,TCTGCCTTTTAG,CACC
GGGGGTGTCAAAGT,237,CGTTAGCAA,CCCGCCGGCCCC,GAGGTATATCTTGTGGAAAGGACGAAACACC
CCGCGTTAGTATCC,242,AGGACCTGA,CCCCCCTTAACA,GAGGGCCTATTTCCCATGATTAAGGACGAAACACC
CGGTCGTAAACCAG,248,AGAGGCCAA,ATACCACGCCGA,GAGGGCCTATTTCCCATGATTGTGGAAAGGACGAAACACC
TTATCAGCTAGCTG,205,GATCAGGCG,CTGCCGCTTGCC,NB
GGAGCGTTGCGCGG,213,GTCACGACG,TGTTCGTTTAAC,AAACACC
AGTCGTGTGCGTCT,281,GATCGGAAG,CTGCGCCCCTGA,GAGGGCCTATTTCCCATGATTCCTTCATATTTGCAATTTCGATTTCTTGGCTTTATATATCTTGTGGAAAGGACGAAACACC
ATCTGACTGAACAG,241,GGATTCCAG,GCCTACCTTCTT,GAGGGCCTATTTCCCATGATTCCTTCAGAAACACC
ACTGCGAAGGGTTC,208,,,NV
AATGAAGGCCCTTC,210,,,NV
CACCAGGTCCGGAG,251,TTGATGGGA,CTCTCGCTGGAT,GAGGGCCTATTTCCCATGATTCCTTCATATCTTGTGGAAAGGACGAAACACC
CCGTCCACTGGTTG,261,CATTCACCA,ATCCATCCATAC,GAGGGCCTATTTCCCATGATTCCTTCTTGGCTTTATATATCTTGTGGAAAGGACGAAACACC
TTTGGTTTGGGGTA,241,GCCCTTTGA,CCAACGGACATC,GAGGGCCTAATATCTTGTGGAAAGGACGAAACACC
GTCCCGCGGGTGCG,258,AGTGACGAG,CACACCCGTCAG,GAGGGCCTATTTCCCATGATTCCTTCATATTTGCATATACGATACAAGGCTGTTAGAGA
TTTCTCACAATGTT,243,,,NV
ATTCGGAATCCCGC,248,GGCTCAAGA,ATCCCAAAGCCG,GTATTTCGATTTCTTGGCTTTATATATCTTGTGGAAAGGACGAAACACC
CGGTCGCGCGGGGG,236,TCAACGACA,CGCCCCACGCCC,GAGGGCCTATTTCGGAAAGGACGAAACACC
CTGCTCGGAACTTT,248,AAGGTCAGG,TCCTCAGAGCCG,GAGGGCCTATTTCCCATGATTCCTTCATATTTGCATACC
AGGCCTTTGGTTTT,227,CAAAAGCCA,TCCAAGGACCTC,GAGGGCCTAGGACGAAACACC
CCGTTTAATTCGTA,248,,,NB
GGTTTGGTCTAAAG,210,,,NV
TCAGGGGAAGTATC,207,TCACGCCAC,TCCAGCCAAGAC,C
AATGCGCTCATCTT,197,,,NB
TTGGTCCCGCGGAT,250,,,NV
CTGGGAGTTAATGT,207,,,NV
CCATAAGTGTCTAC,203,,,NB
GGGAGTCATTCGAT,204,TGGGTGTGA,TAAGCCCATTAC,GAGGGCCTATTTCCCATGACC
GGTGATATAAAGCC,216,CAGCAACGA,TGCCCCCTGGTC,ACGAAACACC
TGGGGGACAGCGCT,224,TGCTGGTTG,AGCTCCTGGCCA,TGGAAAGGACGAAACACC
TTCTCATATAGAGC,255,TTAGGGCAG,GCCGGCTGCCCC,GAGGGCCTATTTCCCATGATTCCTTCATATTTGCATATACGATACAAGGCTGTTCC
TCGGTTGGGGCGCG,249,AATGGCAAG,CCCCTACCTCGT,GAGGGCCTATTTCCCATGATTCCTATATCTTGTGGAAAGGACGAAACACC
GCGCGCATGCGCTG,253,TCGGGAGTA,GCCGATACTCCA,GAGGGCCCCCATGATTTCTTGGCTTTATATATCTTGTGGAAAGGACGAAACACC
TTGTGGGTATAATA,186,,,NV
CCGGGGGTGCCGAG,211,,,NV
GTGTGCGAGGCGCG,235,GATGCTGCA,ACCTCCACGCTG,GAGGGCTCTTGTGGAAAGGACGAAACACC
TGTTGCGTAAATCT,245,TTCTCGGTA,GCCCTGACCTTC,GAGGGCCTATTTCCCATGATTCCTTTTGCATA
TGGTTGTTCGAGCG,248,,,NV
TAGTAGGTTATTTT,244,,,NV
CCGGCCGAAGGAGT,227,CGTCGGTAA,AGCAGTGTCGTC,TTGTGGAAAGGACGAAACACC
GTTGTCGGGTGGGG,210,TACCTGAAA,GACAGCGGCAAC,CACC
CAGGGTGGGTGCTG,218,CACTGGCTA,ATGCAATCTCAT,GGACGAAACACC
TATCGTTTTAGTGA,230,CAGTTATAT,TGCTCCGTCGTG,ATCTTGTGGAAAGGACGAAACACC
TGAGTGTCGATACG,237,,,NB
GGCCCGTTGGTAGA,250,GTAGGCCCA,CCCCCCGCGGCC,NB
CGCAAGGGGTGAGG,197,,,NB
ACCTCCGTACGAGT,205,,,NB
GGTCACCTTTAGGA,191,,,NV
AGCGTGCGTGCGTA,214,TCGGCATCA,GACGTTTATGCC,GAGGGCCC
TGGTGGTTAGATTG,213,,,NV
AAGGATGTCATATA,260,CACATGCAA,CCCCCCCCTGCC,GAGGGCCTATTTCCCATGATTCCTTCATATTTGCATATACGATACAAGGCTGTTAGACACC
CAGTGGTGAGCTAA,212,CCCAGCTTA,GTATCCTAATAG,GGGGCCT
GGTGTTGTAGTAGA,231,CAAGTTCGA,CCCCACTCTCAA,GATCTTGTGGAAAGGACGAAACACC
TGATCCGACTCTCC,230,AGATCCGAG,CGCGCTGACCCA,GATCTTGTGGAAAGGACGAAACACC
CATCGCGTGGAAAT,412,CACGCATAG,TTAAAGCGTATG,GAGGGCCTATTTCCCATGATTCCTTCATATTTGCATATACGATACAAGGCTGTTAGAGAGATAATTAGAATTAATTTGACTGTAAACACAAAGATATTAGTACAAAATACGTGACGTAGAAAGTAATAATTTCTTGGGTAGTTTTTGCTTACCGTAACTTGAAAGTATTTCGATTTCTTGGCTTTATATATCTTGTGGAAAGGACGAAACACC
ACGCTCCCCGGTGT,248,,,NB
TCACTACGGGAGCT,229,GCTATGAGA,GCCCCAGGATGA,GAGGGTGGAAAGGACGAAACACC
GTTGGTACCTAGGT,253,AGGGATTAG,GCACCAAATGCC,GAGGGCCTATTTCCCATGATTCCTTCATATTTGCATATACGATAACGAAACACCA
AGTAGTTGCATAAT,247,TCAGACCAG,CGCTCGCTACCT,GAGGGCCTATTTCCCATGATTCCTTTCTTGTGGAAAGGACGAAACACC
AACTACGCCCAATT,246,ACCAGATGA,CCCCTACGTCCA,GAGGGCCTATTTCCCATGATTGTGGAAAGGACGAAACACC
ATCATATTGCGCTG,208,,,NB
CATGGGGCGGTCGG,239,,,NV
GTAGGATGATACGG,188,,,NV
TGCCCTTTGGACGC,230,GCCGCTTAA,TCCCATGCTGAG,GAGGGCCTATTTCCCATGATTCCC
TAGCGACGGCAACA,221,GACAATGCA,AAAGCATACCAT,GAGGGCCTAAACACC
ACTTTTGCGGGGGG,197,,,NB
AGTGGCGGGGGGGA,218,,,NB
CATTAGGGGGGTGG,192,,,NV
TTGGGACGCGACAT,196,,,NB
GATCGTTGGGAGGT,216,CCACAGAAA,CCCAACCCTTGG,GAGGGGCTATTT
CGTGGGCTTTTTGT,258,GCTAACGAA,CTCCCGACAGGA,GAGGGCCTATTTCCCATGATTCCTTGGCTTTATATATCTTGTGGAAAGGACGAAACACC
GCCTCCGGGCGTGG,225,,,NB
AGGGTCGAAATAGA,222,TCTTCGGTG,CTGACTGGCTCG,GAAAGGACGAAACACC
TGGGTTGAGTTGGC,228,,,NB
GACGCGCAGATTGT,249,GTACGTGGA,ACTTCACTGACA,GAGGGCCTATTTCCCATGATTCCTTCGGACGAAACACC
ATCTAAAGGATTGA,226,AAGCGGAAA,AGGCGACCAGCG,GAGGGAAAGGACGAAACACC
CGAAACGGAGCGTG,200,,,NV
TGAATTGGACGAAA,210,,,NV
GTTGTATGTGTTAG,270,TATTTCTTG,AAGTAAGTCTCG,NG
GGGCTTAGTGTTTT,252,CATGCGTCA,CCCCTAACTCTG,TGAAAGTATTTCGATTTCTTGGCTTTATATATCTTGTGGAAAGGACGAAACACC
GGGTGCATTTTAGG,205,,,NB
ACAAGGTTGCGTGA,190,,,NV
CCACCATTTGGGCC,256,,,NB
GGAATGGTGGACAA,201,,,NV
TTTTGTTTGAAACC,195,,,NV
GGTTCCGAGAAGTT,195,,,NB
TTAGCTCTATGGAG,244,,,NV
AAGCAGCAACTCAA,249,ACTCCGATA,GACACGAGCATC,GAGGAACACC
CCCTGCTACGCTGC,232,,,NV
TCGATGCGGGAGGC,262,ATCCCCCTA,AAACCGCCCCAT,GAGGGCCTATTTCCCATGATTCCTTCATATTTGCATATACGATACAAGGCTGTTAGAGACACC
GGCAAAAGAGTGAC,272,TGCCTCACA,GACCGCTGAACA,GAGGGCCTATTTCCCATGATTCCTTCATATCGATTTCTTGGCTTTATATATCTTGTGGAAAGGACGAAACACC
ACCGGGGTGCGGGG,218,TCTACACAG,GACTCTGGTGAG,GAGGGAAACACC
ACATCTTCGGGGGA,201,,,NB
CCAGACTTCACGGT,223,ATAGCGCCT,CCCCGTCCCCCC,GGAAAGGACGAAACACC
CTTTCTCGGTCATA,228,GTAGCTAAG,ACTAGCCCGGGC,AGGGCCTATTGGACGAAACACC
ATAGGGACCATGTA,244,,,NV
CTACAGGGAGCGGC,309,CGTGCTTAG,TGGCCGACTTAA,GAGGGCCTATTTCCCATGATTCCTTCATATTTGCATATACGATACAAGGCTGTTAGAGAGATAATTAGATTTAAGTACATTTATATATCTTGTGGAAAGGACGAAACACC
GCGGCTGTGGGGGC,214,,,NB
TCTGCTGGTTTGAC,203,TGACTAGGC,TTCCTGCGCAGA,NB
GGGGGGTCCAAAGT,274,CAGCTTAGA,CCGCACAGACAC,GAGGGCCTATTTCCCATGATTCCTTCATATTTCGATTTCTTGGCTTTATATATCTTGTGGAAAGGACGAAACACC
ACATTGCAGGACTT,243,GGTAGGAAA,CCCCGCCCCCTT,GAGGGCATATTTCCCATGATTCCTTCATATTTGCAAACACC
AGGGGGGGCATTTT,181,,,NV
CGCACTCGGGGTGG,236,GATTGGCGA,ATAGTTCACCTC,GAGGGCCTATTTCCCATGATTCCTT
GGTCCCGCAGTACA,246,CGTCGAAAG,AGCCTAGCACAA,GAGGGCCTATTTCCCATGATTCCTTCATATTCGAAACACC
CGGCACGCCGTTGG,209,,,NV
TGCTCATGGAGAAG,202,CCAGATGCC,CTACCCGCTGGT,NB
GCAGGTAATGAGAG,197,,,NB
GTGTCTTGCATCAG,218,ACTGCCACA,CCCCTCCATAAC,GAGGGCCTATCC
TGGCTCTAGTATTT,239,GCAGTTGGA,CGCGCACTAACC,GAGGGCCTATTTCCCATGATTCCTTCATACACC
AGAGAGTGAGCATT,203,,,NB
GAGATAGGCTATAG,196,,,NV
GGAATTTTCCAGGG,268,TTTCTAGGG,TCCTCGAGGCAC,GAGGGCCTATTTCCCATGATTCCTTCATATTTGCATATACGATACAAGGCTGTTAGAGAGATAAACACC
TGGGACACATTTGA,194,,,NB
GAAGTCCGGTGCTA,290,GAAGAGCAG,TCAACCCAGTCA,GAGGGCCTATTTCCCATGATTCCTTCATATGCTTACCGTAACTTGAAAGTATTTGGATTTCTTGGCTTTATATATCTTGTGGAAAGGACGCC
GTGTTTTTCGAAGA,204,,,NB
ATGGCTTTGCAATG,249,CGTAGCTGA,CCCCCCCCCAAA,C
GGGCAGGCCTTGCG,244,,,NV
GGAACTCGTCAGTG,222,,,NV
TGTCTGGGTTTGTA,244,GCACAGTGA,ACTTCAACCCCC,GAGGGCCTATTTCCCTATATCTTGTGGAAAGGACGAAACACC
GGGGCCACCGGTTT,205,CGAAACCCC,GAACATCTAAGG,NB
GTCAGTTTGCTCCC,176,,,NV
TTGGGTGATAGCGC,248,,,NV
AGGTAGGGCCAGGG,221,AATGGCAAG,GCCGGGACGAAA,GAGGGCCTATTCACC
GATATGCATGGCTT,260,AGTGACGAG,TGGCATAAATCA,GAGGGCCTATTTCCCATGATTCCTTCATATTTGCATATACGATACAAGGCTGTTAGAGAGC
GCTTTAATTCTATA,192,,,NV
GGGGGGGGCCGGTT,234,,,NV
GGATTTGTACAAGG,240,TTGGGCTTT,GACACAAGCAAA,GGCTTTATATATCTTGTGGAAAGGACGAAACACC
CGGGGGGGCTAGGC,211,,,NB
TGTCGATGATTCGA,199,GCTGCCCAG,TGGCATCAGCTC,NB
GGCAATTCAACGGA,251,,,NB
TTTCGTTGCATTGT,195,,,NB
CCTTCCTTGGCTTT,222,,,NB
TGATAGTGAGACTG,208,,,NV
TGTGGCCATTGGGA,220,TGTCCTGAG,CCATTAACCCTG,GAGGGCCTATTTCC
TCAGGAATGGATAC,188,,,NV
ACGGAGTGGGGGCC,194,,,NV
TCGCTTATGCGCCG,239,ACGTACTCA,CCTCTCATCACG,GAGGGCCTATTTCCCATGATTCCTTCATATTTGCA
GGGTGTGTGCCGTG,230,CGGGATACA,CGCCGGAGCTGG,ATCTTGTGGAAAGGACGAAACACC
TGGGGTGTGCCTAA,239,,,NB
CCCTGATCTGCTGG,250,CAAGGAGAA,ATGTAAGCAGGC,GAGGGCCACC
CACTCGGGGCTTTC,250,TTATCTATC,CAGCTAATCATT,TTGTGGAAAGGACGAAACACA
TAAGGGTTGCACGG,248,ACGTGTAGA,CATCGTTCAATT,GAGGGCCTATTTCCC
CCTGTTTAATTGGG,195,,,NB
TCTCTGGTGTTTTG,206,,,NV
CAAATGGAAATTTA,245,GACCACTCA,AAGCCAACTACA,GAGGGCCTATTTCCCATGATTCCTTCATAGGACGAAACACC
GCTGCATTTGTTAC,214,ACGGAGGAC,GATTGCGAAGCA,GAAACACC
ACAGCATGCGGTGG,215,CACTCTAGA,CAACAGTACTTT,CGAAATACC
GTATTGCAGAGAAT,213,TCCGGGACG,TCCGCGACCCCG,AAACACC
GTAGAGGGCATAAG,250,CACTCAGAA,TTACCCCGTGGG,ACC
TGGACTGTACCTAT,219,TGGACGGTA,CCGACCATTCAA,GAGGGCCTACACC
TTACCGCCATGCCA,258,,,NB
CGTATGATCCGAGG,250,ATCCGGAAC,GCTCGCCGCGAG,ACC
GCCCGGACGATCCG,215,AGAGCAGGA,ACCACTTGGCCA,CGAAACACC
CCGCGGTGGCGTGG,241,ACTAGCTCT,CGTTCCATCCAA,TGGCTTTATATATCTTGTGGAAAGGACGAAACACC
TTTGAACCGGGGGG,239,AGCTCAGTA,GCACACAATCGG,GAGGGCCTATTTCCCTCGAAAGGACGAAACACC
ATACGTTCGGGCTC,202,,,NB
ATTGTTGTGGTAAG,211,AGGAAGGAA,CCCATGACTCCG,GAACC
TGCTGCTCTTTCTG,201,GGCCGGCCC,CCCGCCCAAGCT,NB
GGGAGGTCCAGGGA,235,,,NV
TTCGGAGCGGTCGG,218,,,NB
AGGTGTTCGGCGAA,245,CATTGCGAG,TCTTTGCCCCGT,GAGATTTGCATATACGATACAAGTCTTGTGGAAAGGACGAAACACC
TGTATTGCATGGGT,197,,,NV
GCGATCAGAGTCCG,218,,,NB
TAAAGGTTACTGTT,223,GAGGGAAGA,TCCCCCTCTCCG,GAGGGCCTATTTCCCATGAT
CGTTCCATACTATT,216,CAAACAGCA,CCCCTACGCATC,GAGGGCCTAC
AGGGGGGAGTTTTA,185,,,NV
GGGGTCGATAGGGA,206,,,NB
CAGGGAGAGGGGTC,249,CACCAGTAA,AATCGGAGCGTA,GAGGGCCTATTTCCCATGATTCCAGGACGAAACACC
GCAAACTGCGGTAA,207,,,NB
GTACACGGTCACAT,245,CGTATCCAA,CCGTTGTCCTTC,GAGGGCCTATTTCCCATTATCTTGTGGAAAGGACGAAACACC
AGACGTGGTAGAGC,237,TGGGTGTGA,GGCTGCCCACCT,GAGGGCCATCTTGTGGAAAGGACGAAACACC
TCCGTTTGGTGTAA,236,GGACTTGAA,ACGTTGAGTCAG,GAGGGCCTATTTCCCATGATTCCTTCATAC
AAGGGGCACACGCT,233,ACAAGGCAA,TAGGACGATACC,GAGGGCTTGTGGAAAGGACGAAACACC
GTATGGCGAGTTAT,253,GAACGCGAA,GCCTCTCCGCCC,GAGGGCCTATTTCCCATGATTCCTTCATATATCTTGTGGAAAGGACGAAACACC
GACAGACACCAGGT,246,CGATCATAG,ACTACCATACCA,GAGGGCCTATTTCCCATGATTCCTTCATATTTGCAGGACGAAACACC
TTTCAGCTTGCCTA,221,,,NV
TAGGGGTAGTAGGA,249,TACAGCACA,CCACGAACTCGA,GAGGGCCTATATATATCTTGTGGAAAGGACGAAACACC
GGCGCAGTCTTTGT,210,GTCCATCCA,GCAGCCCCTTAA,ACACC
TGTGGGCTGACACA,235,,,NV
GGGTGTCTGAGGCG,193,,,NV
TGGGCCCCTGCCGT,188,,,NV
AAGTTATAGGTACC,231,GAATGTCCA,GGTTTCCTACGC,GAGGGCCTATTTCCCATGATTCCTC
TCCGTAAAGCGGAA,202,,,NV
TAAAGGGTTTGTCG,231,TAGCGAACA,GAGCCAGATGCC,GAGGGCCTATTTCCCATGATTCCTT
CAACGTGGATTAGT,194,,,NV
CAGCGCCGACAGTG,192,,,NB
GTGGAGATTAGAGT,248,,,NB
TCGCGGAGCGTGAT,197,,,NV
GTTGGTGGTTTTTT,243,,,NV
GTTGTCGGACAGGT,263,CGTTCGAAG,GCTTCCCAAACC,GAGGGCCTATTTCCCATGATTCCTTCATATTTGCATATACGATACAAGGCTGTTAGAGAACACC
AAGTCGCGTCGGGA,210,,,NV
TCAAAGCGAATTGC,261,GCCATCGTA,ACCTATAAAAAC,CCGTAACTTGAAAGTATTTCGATTTCTTGGCTTTATATATCTTGTGGAAAGGACGAAACACC
GTATTTTGGAGCGG,250,,,NB
TGGTGTTAGGTTCC,250,,,NV
CTTACGGTCAATGA,244,ACGACTCTA,TTGCTTCGCATT,GAGGGCCTATTTCCCATGATTCCTTCATATTTGCAACAAAACACC
GGGATCGTTTCACG,192,,,NV
TTTAGCAATGGGGT,223,CGCTAAGAG,CCACATCTTCGC,GAGGGCCTATTTCCACC
GGTATTCGGGGGCG,274,GTCCCTAGA,CAACACCACATA,GAGGGCCTATTTCCCATGATTCCTTCATATTTGCATATACGATACAAGGCTGTCTTGTGGAAAGGACGAAACACC
GCTGGTCCGGGTCT,207,CACGAAACA,CGATACACCCCC,CC
TGTGCTCGGTTCAT,204,,,NB
CTGTTGGGCTCCTG,250,CAGTGTGAA,CAGCTATACACG,GAGAGCC
TCCAATTCTTATTT,301,TGTGGCTTA,TGAAGAAGGTTC,GAGGGCCTATTTCCCATGATTCCTTCATATTTGCATATACGATACAAGGCTGTTAGATTCGATTTCTTGGCTTTATATATCTTGTGGAAAGGACGAAACACC
ATGGCCGGGTTTTC,223,TTATCTTGT,AACTGCTCTACG,GGAAAGGACGAAACACC
CGGTAAATCCGAGA,215,,,NB
ATACGCACGACGAT,239,CATTGCTCA,AGGCCTGGAGAC,GAGGGCCTATTTCCCATAAAAGGACGAAACACC
TGCTCGTGGCGGCC,287,CCGTAGAGA,TGACATCTTACT,GAGGGCTATTTCCCATGATTCCTTCATATTTGCATATACGTATTTCGATTTCTTGGCTTTATATATCTTGTGGAAAGGACGAAACACC
GCTAATCTAGCTGG,215,,,NB
AGATTTGGGGTACG,256,,,NB
TGGCCTGCTAATGA,272,ACAGCCGGA,GCCGGGCTGGAA,ACTGACGAAACACC
AGTCGGAGGGAGGG,192,,,NV
TCTAAGGCGTGGAC,217,CTTACAGGG,ATAACCCCTCCA,GACGAAACACC
ATGCGCTTTTTGTC,246,,,NV
TCGGGGTGATTGGT,204,,,NV
GGATTTTAAGACCT,235,ATGCCAGTA,AGCTATGGAATC,GAGGGCCCTTGTGGAAAGGACGAAACACA
GTCACGCGGTTTGA,214,CGGTCGGAC,TAGCCGCTCCGG,GAAACACC
GAGGTGGGCAAGCT,240,CGAAAAAGG,CCCATCCCAAAC,GAGGGCTATTTCCCATGATTCCGGACGAAACACC
TGCGTTACTTGTAT,244,GGGAGGTTA,GTGCAGAAGATG,GAGGGTTGGCTTTATATATCTTGTGGAAAGGACGAAACACC
ACCACGGATGCAGT,214,,,NV
ATAGCGCCATATGA,216,TTCGACCTA,TAGTCCTTTACT,GCGAAACACC
CCTGCATGGAGAGA,216,AGAAGGTGG,CACCCGCTCTCC,ACGAAACACC
CGGCTGACATAGAA,233,TGTATCGGA,CCCATCCGGGCC,GAGGGCCTGTGGAAAGGACGAAACACC
ACAATTGGGTGTTT,215,ACCTTACGA,CTTCACGCGCTC,GAGGACACC
TCTCAGTCTTCATG,209,ACCAGATGA,CCAGTACACACG,GAG
ACTGGATCGGGGCT,188,,,NV
CGCGCGGGGAGCGG,207,,,NB
GGGAATGCAGTTGC,182,,,NV
ATGATGGCGGCTAC,241,GCGAAAAGG,CCCCCCCCGCAC,GAGGGCCTATTTCCCATGTGGAAAGGACGAAACACC
AGCGGTCGGGAGCT,222,TTTGTTGTG,TCCGGAAGGTTC,GAAAGGACGAAACACC
TAGACAGGGATTCT,201,ACAGGGCCC,GCTAACATTAGC,NB
CCGGGAGTAGAAAT,221,,,NV
CTTCAGCGAAGTAA,224,TGAGGGATA,TCCTCGCGAGCC,GAGGGCCTACTAAACACC
CCGGCAGTTAACGG,191,,,NV
AGAGATCCTAAGAT,206,,,NV
GGGGGGGGTTGGCC,287,GTAAACGCA,GGCACTAACGCT,GAGGGCCTATTTCCCATGATTCCTTCATATTTGCATATACGATTTCGATTTCTTGGCTTTAAATATCTTGTGGAAAGGACGAAACACC
GCTGCTCTTTAAGA,249,TTCCCGTTT,CCCCGCCTCCCC,ATATATCTTGTGGAAAGGACGTAACACC
GGGTGGGTTTGCCA,209,TGAGTAAAC,CCAATCCGCACC,ACC
GGGGGGGGGAGTGA,239,,,NV
TCAGGTCGAGCGAC,204,CGTGCGAAA,CTCCGAGCCTTT,CACC
ATTGGGCAGGTGCG,222,,,NV
GAGCGGGAGATTCA,235,GTGGTGAGA,AGTTCGCAAGAC,GAGGGCCTATTTCCAAAGGACGAAACACC
ATCGGAGTTTGATT,200,,,NB
ATCACGTTTTAGTG,207,,,NB
TAGGGGGTGTGAGT,223,TGTCCTGAG,CGTTTATCATAG,GAGGGCCTATAAACACC
AGTGCTGGAGGATC,220,CTTAGCGGA,CCGCGAGAGCAA,AAGGACGAAACACC
GCGACACTGAGCTT,250,,,NB
CGAGCGGTGGCTGG,186,,,NV
GGAAGCCAAAAAGC,246,GGCCATAAA,CACCAACGGACA,GAGGGGATTTCTTGGCTTTATATATCTTGTGGAAAGGACGAAACACC
AGTTTCGATCGGAT,218,TGTGACACA,ACGGCCATCAGT,GAGGGCCTATTTC
AATAAGGGGCCCAG,244,,,NV
CTTTTCGGGATCGC,215,TTGTCCACA,CCCGCTTGTTGA,GAG
GGGTGGGGGGCTAT,222,GTTCTTGTG,TGCTCAAAATCT,GAAAGGACGAAACACC
AAGTGGGGAGGGGG,204,GCACACCGG,ATTCTATCACCC,NB
AGTCCGCAACCCTG,202,,,NB
CCCCGCATGGGGGG,250,,,NB
CCGAGCCCTATTTT,212,,,NB
ACTGCCTATGCTAT,208,AAGTAGGAG,ATCCATTCAGCC,CC
CATGTACAGTAAGG,229,GTAGCCCTA,TCCGTACAAATC,GAGGGCCTATTTCCCATGATTCC
ATGTTATAGGGCAC,218,CTAGCGAGA,CCAACAGTGCCT,GAGGGCCTATCC
GCTTTAGTAACGGC,209,TCGCGAAAC,CCACCACTAGAC,ACC
GCAGGTAGTACAAT,225,TGACTGCTA,GTAAGACTCGGC,GAGGGCCTATTTCCCATGC
GCATCTGTGTTTTA,241,,,NB
CACGCGGTGTCAAG,216,,,NB
ACGGGGGGTTGTTC,249,,,NV
GCGTACGACACGGC,247,,,NV
GACAATAGTTGCTG,227,AGCAAGCCA,AGCACAAGTAGA,GAGGGCAAAGGACGAAACACC
GACGACTTGTCTTC,192,,,NV
GGCTTAAGAGGAGG,262,TTAGGTCCA,TCCAGATCGAAA,GAGGGCATATTTCCAATGATTCCTTCATATTTGCATAATATCTTGTGGAAAGGACGAAACACC
GCGATTTATTACGG,193,,,NV
ATGGGGGCTCAGAG,235,GCAAGGATA,TTGAGCTGCATT,GATATATCTTGTGGAAAGGAGGAAACACC
GCCCGTGAGTTAGA,238,CCTAAGCAG,TATACGCCGACT,GAGGGCCTATTTCCCGGAAAGGACGAAACACT
ACAGGTTATTTGAC,224,AGGCGTCAA,GGTGTCGTCGGC,GAGGGCCTATTTCCCACC
GGACCAGTATTTGT,192,,,NV
ACCTATTTGATTGC,240,TTTCGGGAG,CGAGTTCCCACC,GAGGGCCTATTTCCCATGATGTGGACGAAACACC
GCTCGCGCACGGGC,283,AAGGCAGAA,TCTCATGCAGCG,GAGGGCCTATTTCCCATGATTCCCTCATATTTGCATATACGATACATCTTGGCTTTATATATCTTGTGGAAAGGACGAAACACC
AAGAACTGGTCTAT,205,CAAACACCG,AGGGACTATTCA,NB
TTCGAGGGGGAGAG,252,TCCGATACA,GCCTCTGAGCCC,GAGGGCCTATTTCCCATGATTCCTTCATAATCTTGTGGAAAGGACGAAACACC
GCCGACCTTACATG,229,,,NV
TGGGTGGTTTGAAG,226,AGGAAGGAA,GATGATCCACAA,GAGGGCCTATTTCAAACACC
CTAGGTGTCATGGG,275,AAGTCGACA,CCCACATTCACT,GAGGGCCTATTTCCCATGATTCCTTCATATTTGCATATACGATACAAGGCTGTTAGAGAGATAATTACGAAACACC
TTTGGGTGGAGAAT,250,TGCACTACA,TCACCGGGACCA,GAGGGCCTATTTCCCATACC
TCTATGCGGCGGGC,211,,,NV
CACGCTTTGTGGGC,209,,,NV
GGGGTAGACGAACA,249,CTGTGTCCA,GTGAACTAAGAT,GAGGGCCTATTTCCCATGATTCCTTCATATTTGCATATACGATACAACACC
GGCTAGATGTCTGT,246,CCTTGAAAG,CAACTGTGGTAC,TATTTCGATTTCTTGGCTTTATATATCTTGTGGAAAGGACGAAACACC
GGTGTCTGGGTTTG,210,CTGGACGAA,CATAAGACGGAC,ACACC
GATAGAGGGCGGTT,237,,,NV
CACGCCAGATCGAG,218,CCACGGAAA,CCGCACTGCGCC,GGACGAAACACC
GCGTTTTGGTGCAG,246,CGTTCGGTA,CCGATAACTTGG,GAGGGCCTATTTCTATATCTTGCGGAAAGGACGAAACACC
GCATGGTGGATAGC,224,TCCGACTAA,CGACTGAGACGC,GAGGGCCGGACGAAACACC
TTCGACAGCGAGGT,231,CGTTTCTAG,GTAGTTCTAGGA,GAGGGCCTATTTCCCACGAAACACC
CGTGTTCCTCCGCT,224,,,NV
TAGTTTTGAATCGG,243,,,NV
AGTAACTGCCAACG,242,,,NB
AAGCAGGGGTGATT,241,AAACGCACA,TAAGGCTAACTC,GAGGTTTATATATCTTGTGGAAAGGACGAAACACC
GTGCTGCGAAGAAC,250,ACGTCACAG,ACTTGAGCCCAG,GAGGGCCTATTTTTCTTGGCTTTATATATCTTGTGGAAAGGACGAAACACC
AAGACTACGAATGT,183,,,NV
AGATTTGTATTACT,203,AGCCACGGC,AGTAGCGTCCAC,NB
GTTCAGGTGCGACG,310,GGAGAGGAA,CTCCCCCCGGCC,GAGGGCCTATTTCCCATGATTCCTTCATATTTGCATATACGATACCTTACCGTAACTTGAAAGTATTTCGATTTCTTGGCGTTATATATCTTGTGGAAAGGACGAAACACC
CCAACTGCATCGCT,229,AAGGCTATA,CTCAACGTTCAA,TCTTGTGGAAAGGACGAAACACC
TTGACCTAGGTGGG,217,,,NV
ACTGTTGGATGGGT,248,ATGCGCGAA,CTGCCTCCGGTC,GAGGGCCTATTTCCCATGATTCCTTCATATTTGCATGTACGAAAACACC
CCGAGGGATCGCGC,245,,,NV
GGGGTGGGCGGCTG,215,ACGGAGTAA,CACAGCGCAGAC,GAAAACACC
GTACGGGTGCGCAG,219,AGTGTGGAA,CCACCCCGACGC,AGGACGAAACACC
TGTGATTTAACCCG,224,,,NB
CGGGGAACACACTA,208,,,NB
GTATCCTTTGGCCG,243,CTCCCTCAA,TAGCCCCGTCGA,GAGGGCCTATTTCCCATGATCTTGTGGAAAGGACGAAATACC
TCCTTCTTGTGTTG,253,CTTATGGAG,GCGGAAAATTTC,GAGGGCCTATTTCCCATGATTCCTTCATATTTGCATATACGATACAAGGCTGTTA
TGCTCTGTCTCATA,280,GATTACCCA,TCCGCCCCCGCG,GAGGGCCTATTTCCCATGATTCCTTCATATTTGCATATACGATACATGGCTTTATATATCTTGTGGAAAGGACGAAACACC
ATTCATGTCGTACA,222,ATCCTTGTG,GAAGCGTCGCTC,GAAAGGACGAAACACC
GTTTGCATGCGGGA,196,,,NB
TCTTGAGGCGGGGG,209,AACGAGGAA,CGAAAAAGTATG,GAG
GGTGGGAGTGCTTT,241,,,NV
CGCAGTGTTGCGGC,226,,,NV
GCCAAGTAATCTGA,184,,,NV
GAATGTTCAGTTGT,219,ACACTGGAA,CGACGGGCATCG,AGGACGAAACACC
TAAAGTTCGGGCAG,215,,,NV
TCGCGAAGAGTAGA,220,TCGCAATAG,TAGAGGATGAGC,GAGGGCCTATTACC
GAAGAAAGACAGGA,245,,,NB
TGCCGCGCAGACAA,245,TCTTCGGCA,CCCTACACGCCC,GAGGGCCTATTTCCCATGATTCCTTCATATTTGCATAACACC
CGGGTACCCATTGA,202,,,NV
GGCCACTGGTTCAT,247,AGCCTTGCA,CTCTCACCAATT,GAGGCCTATTTCCCATGATTCCTTCATATTTGCATATAC
CGTGGGAGGGGGGG,247,,,NV
AACTCGCGGGTTAG,224,,,NB
CGAGGTGACTCTAG,204,TTGCCCCGG,TAGCCCCCGTGT,NB
CAGGACCAGGCTTT,235,TCCTCGAGA,CTGCGACAGAAC,GAGGGCCTTTGTGGAAAGGACGAAACACC
CCCTCCCGGGGTAT,233,AGAGAGAAG,TTCTAAACGATC,GAGGGCCTATTTCCCGGACGAAACACC
CTGGGCACTGACAC,188,,,NV
ACACTTACTGCTTA,244,,,NV
AAACCAGTTCTCGT,188,,,NV
CTAGGTTTGGGACC,226,CATATATCT,CCTCTCCCTGGC,TGTGGAAAGGACGAAACACC
GGTGTGAGAGGTTA,265,GGAATGAAG,CACTTTTGGCAT,GAGGGCCTATTTCCCATGATTCCTTCATATTTGCATATACGATACAAGGCTGTAAGGACGAAACACC
CGAGTGAATTGGGA,234,TAGCCAGGA,CCCTAAGGAACG,GAATATCTTGTGGAAAGGACGAAACACC
GGGTAAACAGGGCG,204,TATCACCGG,TTATCCATAGTG,NB
TGCCTAGTACGTTG,192,,,NV
GGTTCGGAGCCTTC,229,AACCAAATA,GCATCCTCATTC,TCTTGTGGAAAGGACGAAACACC
GGGGTGGTGGAGCT,254,TTTCGGGAG,GAGCTTTGCCCA,GAGGGCCTATTTCCCATGATTCCTTCATATTTGCATATACGATAGGACGAAACACC
GCATGTCCGCGTCT,204,,,NV
TGCTGGGTGTCGTG,247,TGCAGGCTA,TGCCGAGAGTTA,GAGGGCCTATTTCCCATGATTCCTATCTTGTGGAAAGGACGCAACACC
TGAACCTGGATTAG,200,,,NV
TATTACAGGGCGCA,213,,,NV
GGGCATTATCCAAG,233,CACTGTTGA,TGCCAATCATAA,GAGGATCTTGTGGAAAGGACGAAACACC
CTAAGACACCCGGT,212,GGTTCCCTA,AGCCTTCCCACG,GACACC
TTTTGGGAGGTCAA,189,,,NV
TAGGGCTTCCGTCG,243,,,NV
CGGGGGCGCGGAAA,241,AGAGACTCA,CCACTCCTTCTT,GAGGGCCTATTTCCCATGATTCCTTCAGAAACACC
TACTGTGGGTTTCT,202,AGCAGGAAC,AAAAAAACCCCT,NB
CAACGGGGGAGGGG,250,,,NV
TTAATAGGTTTTCG,215,ACTTTCCAG,CGCAACACGCCC,GAGGACACC
AAGTCATTGATCCA,223,CGCACTGAA,CACTCAAGCCGT,GAGGGCCTATTTACACC
TAGCTCGGGTCAGG,233,GAGGCTTTA,CATCAAGCCGTA,TATATCTTGTGGAAAGGACGAAACACC
CTCCTTGACAGGCT,196,,,NV
ATTTCCTCGCCGAA,202,GCACCGGCC,AGGCGCCAGCCT,NB
TCCACTGCGAAGAG,200,,,NV
TGCGCACAAGGCGC,245,GCCAAATAG,CCCCCGCCCGCG,GAGGGCCTATTTCCCATGATTCCTTCATATTTGCATATACGA
GCACGGGGGGGAGG,248,,,NB
CTGTGGGGTCGCTC,247,CCATTAAGG,CCTTACCACAGG,GAGGGCCTATTTCCCATGATTCCTATCTTGTGGAAAGGACGAAACACC
GCCCAATGTTTGAT,212,TCAGGACGA,GGTCCTGCAGTA,AACACC
CTGCGAGGGCGTGG,203,,,NB
TGGCGATATGCCAC,194,,,NV
ACGGGGGTTTTATA,237,TGGCGAGAA,AGCTTCGACCCT,GATATATATCTTGTGGAAAGGACGAAACACC
TAGAAGCGATCTAC,230,,,NB
ATCGGCGGTAGTTC,218,,,NV
GTTAACAGTGTAGG,296,AAGGGGTAG,AAGGCGTTGACG,GAGGGCCTATTTCCCATGATTCCTTCATATTTGCATAGTAACTTGAAAGTATTTCGATTTCTTGGCTTTATATATCTTGTGGAAAGGACGAAACACC
CGGGGCGTAACGTC,224,AGGACCTGA,ATCGCGCCCGCT,GAGGGCCTAAAGGACGAA
GATCTCATCACTTG,242,TAGAGGCAA,AAAATCCCCTGC,GAGGGCCTATTTATCTTGTGGAAAGGACGAAACACC
GCCATCCAGGGAAC,245,GTATCGGGA,AGCCCCATCCTC,GAGGGATTTCTTGGCTTTATATATCTTGTGGAAAGGACGAAACACC
GGGGCGGGGGACCA,194,,,NB
GTTTTTGTTATTAA,214,GATCGCAGA,CTCTATGCGACC,GAGGGCCC
TTGTAGGGGATGTT,185,,,NV
CACGCTTGTTGGGG,187,,,NV
ACGGGGGGTCGGAC,222,CCAGATGAA,CCTCGTCCCCCC,GAGGGCCTAGAAACACC
CGGTTAGATTGTAG,186,,,NV
ATGGTTGGCAAAGC,227,AGTCGCAAA,AAATCCAATAAC,GAGGGCCTAGGACGAAACACC
GTGTGTTGCGTTAT,250,TAGAGGCAA,CGCCGAACGCGT,TTGGCTTTATATATCTTGTGGAAAGGACGAAACACC
TGGTCGTTTTTCGC,265,GAGACCATA,TGTCCGGCCATG,GAGGGCCTATTTCCCATGATTCCTTCATATTTGCATATACGTATCTTGTGGAAAGGACGAAACACC
TGAACGATAGTTGT,226,,,NV
TGTGGGTGGGCTGC,234,TCCCATAAG,GGCTTAATATAA,GAGGGCCTATTTCCCATGACGAAACATC
GTACATCTGTATTT,198,,,NV
AGGAAAGTTCGAGG,242,,,NV
GGTCATGCGTTGAT,207,TCCGTACCA,CCTCGGCCAACC,G
ATACAGCGTCAGGC,250,CATGTGTAG,CAGTAATTAAAT,GAGGGCCTATGGACGAAACACC
CAGTCTTTACGGGC,200,TACGGCCCA,TTGTAAGGGTCT,NB
AACTGCAAGTATGG,256,CAGTGCATA,ACCAGGCCCCCA,GAGGGCCTATTTCCCATGATTCCTTCATAATATATCTTGTGGAAAGGACGAAACACC
CATGTGGGTTGTTG,230,TACCAGAGA,CCCATTGCCCGC,GAGGGCCTATTTGGACGAAACACC
GGTTCGCGGGATGT,238,CTGCAGATA,CCGTACCCAAGC,GAGGGCCTATTTCCCATGAGGGCGAAACACC
GTATTCCGTCCGTT,203,,,NV
GGACTCCGTTATGG,224,,,NB
ACACGTATTTGGTA,239,,,NB
TGGCTCCGTCTATA,188,,,NV
GTGGGGACGAGAGC,192,,,NV
CGGAGGGCCGGACT,201,,,NV
GCCGTGATGGCGGG,247,TGTATGGAC,AGCCATCGCATC,GAAACACC
CCTGGGTGAGGGGG,317,GACTTGGCA,TCCCCGTCCTCA,GAGGGCCTATTTCCCATGATTCCTTCATATTTGCATATACGATACAAGTATGCTTACCGTAACTTGAAAGTATTTCGATTTCTTGGCTTTATATATCTTGTGGAAAGGACGAAACACC
GGGGATTTGGGGAG,211,,,NV
ATCGAGTTGGGGGC,244,CGAAAGTAT,CGTCCCTCTGGC,TTCGATTTCTTGGCTTTATATATCTTGTGGAAAGGACGAAACACC
ATGATGCTATTTGC,245,GAGCTAGCA,AACCCCGTCGTT,GATTTCTTGGCTTTATATATCTTGTGGAAAGGACGAAACACC
GAGTAATCGGGTTA,213,,,NV
GCCTGGGTAGTGAG,249,ACACGGAGT,ACATCACGTCAA,TCTTGGCTTTATATATCTTGTGGAAAGGACGAAACACC
CTCGTTGGTATGCT,246,,,NV
CCGGGTACAGTCTG,236,CAGATAGAG,TCGCTGACACCC,GAGGGCCCTTGTGGAAAGGACGAAACACC
TGTGTGGGCGTTTA,236,,,NB
AGGGCTCCGACTGG,200,GGGTTATCA,CCTTGTATAACT,NB
CGGAGCCGGGTCGG,280,CTGCAGTTA,GCCCTCCCCCCC,GAGGGCCTATTTCCCATGATTCCTTCATATTTGCATATACGATACAAGGCTGTTAGAGAGATAATTAGAAGAGCGAAACACC
GCTGTCTAGGCTGC,211,,,NB
GGTTTCGATGGTCG,359,AGCGTTAAG,ACACGAAGTATT,GAGGGCCTATTTCCCATGATTCCTTCATATTTGCATATACGATACAAGGCTGTTAGAGAGATAATTAGAATTAATTTGACTGTAAACACAAAGATATTAGTACAAAATACGTGACGTAGATTTCTTGGGTTTATATATCTTGTGGAAAGGACGAAACACC
CCATGGTGTCTGCT,212,CTAGGACGA,CAACGAGGTACT,AACACC
ATCTGCGTTCGTAG,207,CCCTGAGTA,CCCGGCGACCCC,C
GGTCGGCATGCGAC,200,,,NV
AGGGTTCTGGTGGT,291,GTAAACGCA,GTACATTCCAGC,GAGGGCCTATTTCCCATGATTCCTTCATATTTGCATATACGATACAATTTCGATTTCTTGGCTTTATATATCTTGTGGAAAGGACGAAACACC
ATGCGGGGCTGGCA,215,GCATAGACA,AAAGCAAGTTAC,GAGGGCCTA
GATTTAACACTATG,244,,,NB
AGGTGTTATGTTTG,254,CTATGCGAA,CGTGTCACGGTT,GAGGGCCTATTTCCCATGATTCCTTCATATTTGCATGTGGAAAGGACGAAACACC
TTCATGAATGTGGA,252,AACCCGAAG,CTACAATAGCCA,GAGGGCCTATTTCCCATGATTCCTTCATATTTGCATATACGAAAGGACGAAACACC
AGCTAAGTCGAGCC,259,CGCACACCC,ACGAATATGCAA,GTAACTTGAAAGTATTTCGATTTCTTGGCTTTATATATCTTGTGGAAAGGACGAAACACC
CAGTTGCGCAAGGT,237,CTGAGATAG,CATTTTCCTGGC,GAGGGCCTATTTCCGGAAAGGACGAAACACC
AAGTTTATCTGGGG,255,CTGAATGCA,GACCCAGCCGGA,ACTTGAAAGTATTTCGATTTCTTGGCTTTATTATCTTGTGGAAAGGACGAAACACC
GAAGACAATTATTT,215,GAACCAGGA,ACATCGTAAACG,CGAAACACC
TCGGTTACACTGGG,209,CGGCGAAAC,CACACCAGCGTG,ACC
TAGTAACACGATAA,238,,,NB
CTCGGGGCTGTTAG,248,,,NB
AGGGTAGGGATGGT,206,,,NB
TTGCAATGGGTTGG,259,GCCCTTTGA,TTCCCTTCAGTC,GAGGGCCTATTTCCCATGATTCCTTCATATTTGTATATCTTGTGGAAAGGACAAAACACC
CGTTTGGGTGCCTT,219,,,NB
AGGTGAAGAGGACC,226,TCTGTAGAG,GCCTGATCTCCA,GAGGCCTAGGACGAAACACC
AGGGATTAAACCTG,250,CCGTGAACA,ACCAAACTCGTA,ACC
GTCATGTGGTTACT,236,CGCAACTAG,CACGCCCTCCAT,GAGGGCCTATTTCCCATGATTCCTTACACC
AATGCCTTATGTCG,215,CGTCTTACA,TAACACTATCGT,GAGGGCCTA
TCAGAAAGGGGGGC,238,ACTAGCGAG,GATGCACTCTCA,GATATTTGCATATACGATACAAGGCTGTTAGC
AGGGGGGTTGATTA,250,,,NV
TCCAGATGCGATTC,294,ATGCGCGAA,TCCACCTACCAA,GAGGGCCTATTTCCCATGATTCCTTCATATTTGCATGTACGATACAAGGCTGTTAGAGATTGGCTTTATATATCTTGTGGAAAGGACGAAACACC
AAGCTTTTGGAGAC,230,GGTTTTTAT,CGCGCTGAACAT,ATATCTTGTGGAAAGGACGAAACACC
TGAGTGCGTCGCTG,241,,,NV
GATAGCGAGTGTAC,196,,,NV
CGGGAATGACAGCG,222,,,NV
TGAATATGAAGTCT,193,,,NV
GGGAATATGCGAGG,202,GATCAGGCC,CGGCTATTACTA,NB
AGTGGCGGGAAAGG,250,,,NB
CGAGGTGTGGTCGT,264,TGGACGAAG,CCTTAGTGCGCC,GAGGGCCTATTTCCCATGATTCCTTCATATTTGCATATACGATACAGTGGAAAGGACGAAACACC
GGATGGGCGGGGGG,235,,,NV
CGCTTAAGGTTCGT,221,CATGAGGGG,GCAGTGTTCGCG,AGGGCCTATAAACACC
TCACTCTGAGGAAC,203,,,NB
CGAGTTGGCAGTCT,194,,,NV
GGGGAACCGAGTAG,234,GATCGGAAG,ATGACCGAAAAG,GAGGGCCTATTTCCCAGGACGAAACACC
ATAGGATTAGGTCT,250,,,NV
AGAATGGAGACTGA,272,GTCACAGCA,AGACAGAATTAT,GAGGGCCTATTTCCCATGATTCCTTCATATTTGCATATACGACTTTATATATCTTGTGGAAAGGACGAAAACC
ACCCCCGGCGCAAG,248,GAACCTGTA,CTCACTAAATTA,GAGGGCCTATTTCCCATGATTCCTTCAGGACGAAACACC
AGGTTTTTTTTAGA,222,TCCCTTGTG,AGTCATAGGTCC,GAAAGGACGAAACACC
TATCTCCCGTATTG,249,AATCGGTCA,ATTCACACCCCA,GAGGGCTTTATATATCATGTGGAAAGGACGAAACACC
TGCATGGCATGCTA,211,,,NV
TATAAGGCGAATTT,206,,,NV
GCAGGAAATTTGAA,232,CTGCTTTAT,CCGCAGGCCCTA,ATATCTTGTGGAAAGGACGAAACACC
GAATGGCATAATGC,245,TAGTGGAGA,CGCGAACACGCT,GAGGGCCTATTTCCCATGATTCCTTCATATTTGCATATACGATACC
CAGTCTTGCAGGAT,214,,,NB
CCATATTTGCATTT,249,ATTTCGGTG,CGCACCTGCCGA,GACGAAACACC
TAGGTTTTATATAG,195,,,NV
TAGAAGAGGAGGTC,277,GAGCACAAA,TAACACTGGATC,GAGGGCCTATTTCCCATGCTTCCTTCATATTTGCATATACGATACAAGGCTGATATCTTGTGGAAAGGACGAAACACC
ACATTGATCCAAGC,203,TACACCGGC,GGCCATCTTCAC,NB
ATGCAACGAGGCAT,230,TGGACGAAG,ATTGCAGAACAC,GAGGGCCTATTTCCCATGATTCCC
